DNA/CMC-Transib DNA/Transib
DNA/Academ-1  DNA/Academ
DNA/Academ-2  DNA/Academ
DNA/Academ-H  DNA/Academ
DNA/CMC-Chapaev DNA/CMC
DNA/CMC-Chapaev-3 DNA/CMC
DNA/CMC-EnSpm DNA/CMC
DNA/CMC-Mirage  DNA/CMC
DNA/CMC-Transib DNA/CMC
DNA/Ginger-1  DNA/Ginger
DNA/Ginger-2  DNA/Ginger
DNA/Kolobok-E DNA/Kolobok
DNA/Kolobok-H DNA/Kolobok
DNA/Kolobok-Hydra DNA/Kolobok
DNA/Kolobok-T2  DNA/Kolobok
DNA/MULE-F  DNA/MULE
DNA/MULE-MuDR DNA/MULE
DNA/MULE-NOF  DNA/MULE
DNA/P-Fungi DNA/P
DNA/PIF-HarbS DNA/PIF-Harbinger
DNA/PIF-ISL2EU  DNA/PIF-Harbinger
DNA/PIF-Spy DNA/PIF-Harbinger
DNA/PiggyBac-A  DNA/PiggyBac
DNA/PiggyBac-X  DNA/PiggyBac
DNA/Sola-1  DNA/Sola1
DNA/Sola-2  DNA/Sola2
DNA/Sola-3  DNA/Sola3
DNA/TcMar-Ant1  DNA/TcMar
DNA/TcMar-Cweed DNA/TcMar
DNA/TcMar-Fot1  DNA/TcMar
DNA/TcMar-Gizmo DNA/TcMar
DNA/TcMar-IS885 DNA/TcMar
DNA/TcMar-ISRm11  DNA/TcMar
DNA/TcMar-Mariner DNA/TcMar
DNA/TcMar-Mogwai  DNA/TcMar
DNA/TcMar-Pogo  DNA/TcMar
DNA/TcMar-Sagan DNA/TcMar
DNA/TcMar-Stowaway  DNA/TcMar
DNA/TcMar-Tc1 DNA/TcMar
DNA/TcMar-Tc2 DNA/TcMar
DNA/TcMar-Tc4 DNA/TcMar
DNA/TcMar-Tigger  DNA/TcMar
DNA/TcMar-m44 DNA/TcMar
DNA/hAT-Ac  DNA/hAT
DNA/hAT-Blackjack DNA/hAT
DNA/hAT-Charlie DNA/hAT
DNA/hAT-Pegasus DNA/hAT
DNA/hAT-Restless  DNA/hAT
DNA/hAT-Tag1  DNA/hAT
DNA/hAT-Tip100  DNA/hAT
DNA/hAT-hAT1  DNA/hAT
DNA/hAT-hAT19 DNA/hAT
DNA/hAT-hAT5  DNA/hAT
DNA/hAT-hATm  DNA/hAT
DNA/hAT-hATw  DNA/hAT
DNA/hAT-hATx  DNA/hAT
DNA/hAT-hobo  DNA/hAT
